name,site_link,운동대상,체력항목,운동형태,운동부위,시설 필요유무
웨이트 트레이닝 루틴프로그램,/entry.naver?docId=3535306&categoryId=58501&cid=58501,청소년,근력/근지구력,웨이트기계,전신/가슴/상체/하체,Y
맨몸운동 루틴프로그램,/entry.naver?docId=3535307&categoryId=58501&cid=58501,청소년,근력/근지구력,맨몸,전신/가슴/상체/하체,N
앉았다 일어서며 팔 들어올리기,/entry.naver?docId=3535308&categoryId=58501&cid=58501,청소년,근력/근지구력,밴드,어깨측면/허벅지앞쪽,Y
런지하며 상체 비틀기,/entry.naver?docId=3535309&categoryId=58501&cid=58501,청소년,근력/근지구력,밴드,어깨측면/허벅지앞쪽,Y
팔 들어 올리며 런지,/entry.naver?docId=3535310&categoryId=58501&cid=58501,청소년,근력/근지구력,밴드,어깨뒤쪽/어깨측면/허벅지앞쪽,Y
한 발 뒤로 들어올리기,/entry.naver?docId=3535311&categoryId=58501&cid=58501,청소년,근력/근지구력,밴드,어깨측면/둔부/허벅지뒤쪽,Y
다리 감아올리기,/entry.naver?docId=3535312&categoryId=58501&cid=58501,청소년,근력/근지구력,밴드,복부,Y
상체 감아올리기,/entry.naver?docId=3535313&categoryId=58501&cid=58501,청소년,근력/근지구력,밴드,복부,Y
발에 밴드걸고 윗몸일으키기,/entry.naver?docId=3535314&categoryId=58501&cid=58501,청소년,근력/근지구력,밴드,복부,Y
옆으로 굽히기,/entry.naver?docId=3535315&categoryId=58501&cid=58501,청소년,근력/근지구력,밴드,등/몸통,Y
한 발 끌어당기기,/entry.naver?docId=3535316&categoryId=58501&cid=58501,청소년,근력/근지구력,밴드,허벅지내측,Y
한 발 들어올리기,/entry.naver?docId=3535317&categoryId=58501&cid=58501,청소년,근력/근지구력,밴드,허벅지외측,Y
앉아서 무릎 굽히기,/entry.naver?docId=3535318&categoryId=58501&cid=58501,청소년,근력/근지구력,밴드,허벅지뒤쪽,Y
앉아서 다리 올리기,/entry.naver?docId=3535319&categoryId=58501&cid=58501,청소년,근력/근지구력,밴드,허벅지앞쪽,Y
뒤로 팔 뻗기,/entry.naver?docId=3535320&categoryId=58501&cid=58501,청소년,근력/근지구력,밴드,어깨뒤쪽,Y
양팔 크게 벌리기,/entry.naver?docId=3535321&categoryId=58501&cid=58501,청소년,근력/근지구력,밴드,어깨측면/등,Y
팔꿈치 고정 후 벌리기,/entry.naver?docId=3535322&categoryId=58501&cid=58501,청소년,근력/근지구력,밴드,어깨측면/위팔앞쪽,Y
앉았다 일어서기,/entry.naver?docId=3535323&categoryId=58501&cid=58501,청소년,근력/근지구력,프리웨이트,복부/허리/허벅지앞쪽,Y
앉아서 몸통 움츠리기,/entry.naver?docId=3535324&categoryId=58501&cid=58501,청소년,근력/근지구력,웨이트기계,복부,Y
몸통 옆으로 굽히기,/entry.naver?docId=3535325&categoryId=58501&cid=58501,청소년,근력/근지구력,프리웨이트,몸통,Y
앉아서 다리 펴기,/entry.naver?docId=3535326&categoryId=58501&cid=58501,청소년,근력/근지구력,웨이트기계,허벅지앞쪽,Y
누워서 다리 굽히기,/entry.naver?docId=3535327&categoryId=58501&cid=58501,청소년,근력/근지구력,웨이트기계,허벅지뒤쪽,Y
다리 넓게 벌려 앉았다 일어서기,/entry.naver?docId=3535328&categoryId=58501&cid=58501,청소년,근력/근지구력,맨몸,허벅지내측,N
앉아서 당겨 내리기,/entry.naver?docId=3535329&categoryId=58501&cid=58501,청소년,근력/근지구력,웨이트기계,어깨측면/등,Y
앉아서 양팔 당기기,/entry.naver?docId=3535330&categoryId=58501&cid=58501,청소년,근력/근지구력,웨이트기계,등,Y
앉아서 가슴 모으기,/entry.naver?docId=3535331&categoryId=58501&cid=58501,청소년,근력/근지구력,웨이트기계,위팔앞쪽/가슴,Y
누워서 팔 밀기,/entry.naver?docId=3535332&categoryId=58501&cid=58501,청소년,근력/근지구력,웨이트기계,어깨측면/가슴,Y
크런치 사이클,/entry.naver?docId=3535333&categoryId=58501&cid=58501,청소년,근력/근지구력,맨몸,복부/몸통/허벅지앞쪽,N
버피 테스트,/entry.naver?docId=3535334&categoryId=58501&cid=58501,청소년,근력/근지구력,맨몸,어깨측면/복부/허벅지앞쪽,N
발 바꿔 뛰기,/entry.naver?docId=3535335&categoryId=58501&cid=58501,청소년,근력/근지구력,맨몸,어깨측면/복부/허벅지앞쪽,N
몸통 들어올리기,/entry.naver?docId=3535336&categoryId=58501&cid=58501,청소년,근력/근지구력,맨몸,복부/둔부/허벅지뒤쪽,N
팔다리 교차 버티기,/entry.naver?docId=3535337&categoryId=58501&cid=58501,청소년,근력/근지구력,맨몸,어깨측면/허리/둔부,N
엎드려 팔다리 교차올리기,/entry.naver?docId=3535338&categoryId=58501&cid=58501,청소년,근력/근지구력,맨몸,허리/둔부,N
연속 사이드 스쿼트,/entry.naver?docId=3535339&categoryId=58501&cid=58501,청소년,근력/근지구력,맨몸,허리/허벅지앞쪽,N
앞굽이 앉았다 일어서기,/entry.naver?docId=3535340&categoryId=58501&cid=58501,청소년,근력/근지구력,맨몸,둔부/허벅지앞쪽,N
앉았다 일어서기,/entry.naver?docId=3535341&categoryId=58501&cid=58501,청소년,근력/근지구력,맨몸,허리/허벅지앞쪽,N
다리 뻗어 올리기,/entry.naver?docId=3535342&categoryId=58501&cid=58501,청소년,근력/근지구력,벤치,허벅지앞쪽,Y
누워 무릎 기울기,/entry.naver?docId=3535343&categoryId=58501&cid=58501,청소년,근력/근지구력,맨몸,복부/몸통,N
손 뻗어 윗몸 일으키기,/entry.naver?docId=3535344&categoryId=58501&cid=58501,청소년,근력/근지구력,맨몸,복부/몸통,N
윗몸 일으키기,/entry.naver?docId=3535345&categoryId=58501&cid=58501,청소년,근력/근지구력,맨몸,복부,N
전완대고 버티기,/entry.naver?docId=3535346&categoryId=58501&cid=58501,청소년,근력/근지구력,맨몸,어깨앞쪽/복부/허리,N
V자 싸이클,/entry.naver?docId=3535347&categoryId=58501&cid=58501,청소년,근력/근지구력,맨몸,복부,N
의자에 앉아 물병 들고 몸통 돌리기,/entry.naver?docId=3535348&categoryId=58501&cid=58501,청소년,근력/근지구력,물병,복부,Y
누워 다리 들어올리기,/entry.naver?docId=3535349&categoryId=58501&cid=58501,청소년,근력/근지구력,맨몸,복부/허리,N
바로서서 상체 숙이기,/entry.naver?docId=3535350&categoryId=58501&cid=58501,청소년,근력/근지구력,맨몸,허리,N
뒤로 팔굽혀펴기,/entry.naver?docId=3535351&categoryId=58501&cid=58501,청소년,근력/근지구력,맨몸/벤치,어깨측면/위팔뒤쪽,Y
팔굽혀 펴기,/entry.naver?docId=3535352&categoryId=58501&cid=58501,청소년,근력/근지구력,맨몸,위팔뒤쪽/가슴/어깨측면,N
수영,/entry.naver?docId=3535354&categoryId=58501&cid=58501,청소년,심폐지구력,수중운동,전신,Y
줄넘기 운동,/entry.naver?docId=3535355&categoryId=58501&cid=58501,청소년,심폐지구력,줄넘기,하체,Y
자전거타기,/entry.naver?docId=3535356&categoryId=58501&cid=58501,청소년,심폐지구력,자전거,하체,Y
조깅,/entry.naver?docId=3535357&categoryId=58501&cid=58501,청소년,심폐지구력,맨몸,전신,N
걷기,/entry.naver?docId=3535358&categoryId=58501&cid=58501,청소년,심폐지구력,맨몸,하체,N
콘운동 루틴프로그램,/entry.naver?docId=3535360&categoryId=58501&cid=58501,청소년,민첩성/순발력,하프콘,하체,Y
사다리 운동 루틴프로그램,/entry.naver?docId=3535361&categoryId=58501&cid=58501,청소년,민첩성/순발력,사다리,하체,Y
박스 운동 루틴프로그램,/entry.naver?docId=3535362&categoryId=58501&cid=58501,청소년,민첩성/순발력,스텝박스,전신/가슴/상체/하체,Y
바운딩 운동 루틴프로그램,/entry.naver?docId=3535363&categoryId=58501&cid=58501,청소년,민첩성/순발력,맨몸,전신/하체,N
팔굽혀펴기 후 점프하기,/entry.naver?docId=3535364&categoryId=58501&cid=58501,청소년,민첩성/순발력,스텝박스,전신,Y
좌우 이동하며 팔굽혀펴기,/entry.naver?docId=3535365&categoryId=58501&cid=58501,청소년,민첩성/순발력,스텝박스,상체,Y
연속 상향 점프하기,/entry.naver?docId=3535366&categoryId=58501&cid=58501,청소년,민첩성/순발력,스텝박스,하체,Y
한발로 점프하기,/entry.naver?docId=3535367&categoryId=58501&cid=58501,청소년,민첩성/순발력,스텝박스,하체,Y
좌우 양발모아 점프하기,/entry.naver?docId=3535368&categoryId=58501&cid=58501,청소년,민첩성/순발력,스텝박스,하체,Y
연속 하향 점프하기,/entry.naver?docId=3535369&categoryId=58501&cid=58501,청소년,민첩성/순발력,스텝박스,하체,Y
빠르게 앞무릎 올리기,/entry.naver?docId=3535370&categoryId=58501&cid=58501,청소년,민첩성/순발력,스텝박스,하체,Y
사이드 스텝 점프하기,/entry.naver?docId=3535371&categoryId=58501&cid=58501,청소년,민첩성/순발력,스텝박스,하체,Y
점프 후 버티기,/entry.naver?docId=3535372&categoryId=58501&cid=58501,청소년,민첩성/순발력,스텝박스,하체,Y
양발 점프 착지하기,/entry.naver?docId=3535373&categoryId=58501&cid=58501,청소년,민첩성/순발력,스텝박스,하체,Y
다리 뻗어 점프하기,/entry.naver?docId=3535374&categoryId=58501&cid=58501,청소년,민첩성/순발력,맨몸,전신,N
사이드 한발 뛰기,/entry.naver?docId=3535375&categoryId=58501&cid=58501,청소년,민첩성/순발력,맨몸,하체,N
앞차기하며 뛰기,/entry.naver?docId=3535376&categoryId=58501&cid=58501,청소년,민첩성/순발력,맨몸,전신,N
양팔 벌려 높이 뛰기,/entry.naver?docId=3535377&categoryId=58501&cid=58501,청소년,민첩성/순발력,맨몸,전신,N
앉았다 일어나며 점프하기,/entry.naver?docId=3535378&categoryId=58501&cid=58501,청소년,민첩성/순발력,맨몸,하체,N
앞굽이 뛰기,/entry.naver?docId=3535379&categoryId=58501&cid=58501,청소년,민첩성/순발력,맨몸,하체,N
제자리 멀리 뛰기,/entry.naver?docId=3535380&categoryId=58501&cid=58501,청소년,민첩성/순발력,맨몸,전신,N
뛰어 밀기,/entry.naver?docId=3535381&categoryId=58501&cid=58501,청소년,민첩성/순발력,맨몸,전신,N
팔 벌려 뛰기,/entry.naver?docId=3535382&categoryId=58501&cid=58501,청소년,민첩성/순발력,맨몸,전신,N
빠르게 무릎들어 뛰기,/entry.naver?docId=3535383&categoryId=58501&cid=58501,청소년,민첩성/순발력,맨몸,전신,N
점프하며 뛰기,/entry.naver?docId=3535384&categoryId=58501&cid=58501,청소년,민첩성/순발력,맨몸,전신,N
무릎 높이 들어 뛰기,/entry.naver?docId=3535385&categoryId=58501&cid=58501,청소년,민첩성/순발력,맨몸,전신,N
뒤꿈치 높이들어 뛰기,/entry.naver?docId=3535386&categoryId=58501&cid=58501,청소년,민첩성/순발력,맨몸,하체,N
순간반응 콘 찍기1,/entry.naver?docId=3535388&categoryId=58501&cid=58501,청소년,민첩성/순발력,하프콘,하체,Y
순간반응 콘 찍기2,/entry.naver?docId=3535387&categoryId=58501&cid=58501,청소년,민첩성/순발력,하프콘,하체,Y
사이드 지그재그 뛰기,/entry.naver?docId=3535389&categoryId=58501&cid=58501,청소년,민첩성/순발력,하프콘,하체,Y
전후 교차 뛰기,/entry.naver?docId=3535390&categoryId=58501&cid=58501,청소년,민첩성/순발력,하프콘,하체,Y
한발 연속 뛰기,/entry.naver?docId=3535391&categoryId=58501&cid=58501,청소년,민첩성/순발력,하프콘,하체,Y
무릎 들어 연속 뛰기,/entry.naver?docId=3535392&categoryId=58501&cid=58501,청소년,민첩성/순발력,하프콘,하체,Y
앞뒤 지그재그 뛰기,/entry.naver?docId=3535393&categoryId=58501&cid=58501,청소년,민첩성/순발력,하프콘,하체,Y
W 스텝,/entry.naver?docId=3535394&categoryId=58501&cid=58501,청소년,민첩성/순발력,하프콘,하체,Y
사이드 스텝,/entry.naver?docId=3535395&categoryId=58501&cid=58501,청소년,민첩성/순발력,하프콘,하체,Y
양발 연속 뛰기,/entry.naver?docId=3535396&categoryId=58501&cid=58501,청소년,민첩성/순발력,하프콘,하체,Y
뒷발 교차 뛰기,/entry.naver?docId=3535397&categoryId=58501&cid=58501,청소년,민첩성/순발력,사다리,하체,Y
크게 다리벌려 교차 뛰기,/entry.naver?docId=3535398&categoryId=58501&cid=58501,청소년,민첩성/순발력,사다리,하체,Y
양발 교차 뛰기,/entry.naver?docId=3535399&categoryId=58501&cid=58501,청소년,민첩성/순발력,사다리,하체,Y
한발 앞뒤 교차 뛰기,/entry.naver?docId=3535400&categoryId=58501&cid=58501,청소년,민첩성/순발력,사다리,하체,Y
빠른 발 안팎 뛰기,/entry.naver?docId=3535401&categoryId=58501&cid=58501,청소년,민첩성/순발력,사다리,하체,Y
양발 모았다 벌려뛰기,/entry.naver?docId=3535402&categoryId=58501&cid=58501,청소년,민첩성/순발력,사다리,하체,Y
한발 연속 뛰기,/entry.naver?docId=3535403&categoryId=58501&cid=58501,청소년,민첩성/순발력,사다리,하체,Y
양발 모아 좌우 뛰기,/entry.naver?docId=3535404&categoryId=58501&cid=58501,청소년,민첩성/순발력,사다리,하체,Y
엇박자 뛰기,/entry.naver?docId=3535405&categoryId=58501&cid=58501,청소년,민첩성/순발력,사다리,하체,Y
빠른 발 뛰기,/entry.naver?docId=3535406&categoryId=58501&cid=58501,청소년,민첩성/순발력,사다리,하체,Y
짝 스트레칭 루틴프로그램,/entry.naver?docId=3535408&categoryId=58501&cid=58501,청소년,유연성,맨몸,상체/하체,N
정적 스트레칭 루틴프로그램,/entry.naver?docId=3535409&categoryId=58501&cid=58501,청소년,유연성,맨몸,전신/가슴/상체/하체,N
요가 및 필라테스 루틴프로그램,/entry.naver?docId=3535410&categoryId=58501&cid=58501,청소년,유연성,맨몸,전신/가슴/상체/하체,N
동적 스트레칭 루틴프로그램,/entry.naver?docId=3535411&categoryId=58501&cid=58501,청소년,유연성,맨몸,전신/가슴/상체/하체,N
온 몸 뻗어주기,/entry.naver?docId=3535412&categoryId=58501&cid=58501,청소년,유연성,맨몸,어깨측면/아래팔앞쪽/허벅지앞쪽/종아리뒤쪽,N
양발 벌려 무릎 밀어내기,/entry.naver?docId=3535413&categoryId=58501&cid=58501,청소년,유연성,맨몸,어깨측면/등/허벅지내측,N
서서 발목 뒤로 당기기,/entry.naver?docId=3535414&categoryId=58501&cid=58501,청소년,유연성,의자,허벅지앞쪽,Y
서서 발목 누르기,/entry.naver?docId=3535415&categoryId=58501&cid=58501,청소년,유연성,의자,종아리뒤쪽,Y
양발 교차하여 서서 몸통 숙이기,/entry.naver?docId=3535416&categoryId=58501&cid=58501,청소년,유연성,맨몸,허벅지뒤쪽,N
누워 발목 당겨주기,/entry.naver?docId=3535417&categoryId=58501&cid=58501,청소년,유연성,맨몸,허벅지앞쪽,N
다리모아 무릎 누르기,/entry.naver?docId=3535418&categoryId=58501&cid=58501,청소년,유연성,맨몸,둔부/허벅지앞쪽,N
무릎당겨 다리 올리기,/entry.naver?docId=3535419&categoryId=58501&cid=58501,청소년,유연성,맨몸,둔부/허벅지뒤쪽/종아리,N
다리뻗어 상체 숙이기,/entry.naver?docId=3535420&categoryId=58501&cid=58501,청소년,유연성,맨몸,허벅지앞쪽/종아리뒤쪽,N
무릎 당겨올리기,/entry.naver?docId=3535421&categoryId=58501&cid=58501,청소년,유연성,의자,둔부/허벅지앞쪽,Y
의자에 앉아 옆구리 숙이기,/entry.naver?docId=3535422&categoryId=58501&cid=58501,청소년,유연성,의자,몸통,Y
엎드려 상체 들어올리기,/entry.naver?docId=3535423&categoryId=58501&cid=58501,청소년,유연성,맨몸,복부/허리,N
척추 들어올리기,/entry.naver?docId=3535424&categoryId=58501&cid=58501,청소년,유연성,맨몸,허리,N
옆구리 스트레칭,/entry.naver?docId=3535425&categoryId=58501&cid=58501,청소년,유연성,맨몸,몸통,N
서서 한팔 들어 오른쪽 왼쪽 뻗기,/entry.naver?docId=3535426&categoryId=58501&cid=58501,청소년,유연성,맨몸,몸통,N
의자에 앉아 가슴 몸통 말아주기,/entry.naver?docId=3535427&categoryId=58501&cid=58501,청소년,유연성,의자,허리,Y
다리굽혀 허리 비틀기,/entry.naver?docId=3535428&categoryId=58501&cid=58501,청소년,유연성,맨몸,몸통,N
몸통 스트레칭,/entry.naver?docId=3535429&categoryId=58501&cid=58501,청소년,유연성,맨몸,몸통/둔부,N
의자에 앉아 몸통비틀기,/entry.naver?docId=3535430&categoryId=58501&cid=58501,청소년,유연성,의자,등/허리/허벅지앞쪽,Y
의자에 앉아 가슴 뒤로 젖히기,/entry.naver?docId=3535431&categoryId=58501&cid=58501,청소년,유연성,의자,가슴/허리,Y
팔꿈치 머리 뒤로 젖히기,/entry.naver?docId=3535432&categoryId=58501&cid=58501,청소년,유연성,맨몸,어깨측면/위팔뒤쪽,N
깍지끼고 목 들어올리기,/entry.naver?docId=3535433&categoryId=58501&cid=58501,청소년,유연성,맨몸,목/어깨측면,N
목 당기기,/entry.naver?docId=3535434&categoryId=58501&cid=58501,청소년,유연성,맨몸,목,N
한발들어 좌우 돌리기,/entry.naver?docId=3535435&categoryId=58501&cid=58501,청소년,유연성,맨몸,복부/허벅지내측,N
다리벌려 풍차돌기,/entry.naver?docId=3535436&categoryId=58501&cid=58501,청소년,유연성,맨몸,어깨측면/복부/허벅지내측,N
자세낮춰 이동하기,/entry.naver?docId=3535437&categoryId=58501&cid=58501,청소년,유연성,맨몸,어깨측면/위팔뒤쪽/허벅지앞쪽,N
다리 들어올리기,/entry.naver?docId=3535438&categoryId=58501&cid=58501,청소년,유연성,맨몸,복부/허리/둔부/허벅지뒤쪽,N
전신 비틀며 전진하기,/entry.naver?docId=3535439&categoryId=58501&cid=58501,청소년,유연성,맨몸,등/허리/허벅지앞쪽,N
네발 걷기,/entry.naver?docId=3535440&categoryId=58501&cid=58501,청소년,유연성,맨몸,허리/허벅지뒤쪽,N
팔 돌리며 점프하기,/entry.naver?docId=3535441&categoryId=58501&cid=58501,청소년,유연성,맨몸,전신,N
옆으로 팔 벌리며 점프하기,/entry.naver?docId=3535442&categoryId=58501&cid=58501,청소년,유연성,맨몸,어깨측면/등,N
허리숙여 양팔 돌리기,/entry.naver?docId=3535443&categoryId=58501&cid=58501,청소년,유연성,맨몸,등/허벅지뒤쪽,N
전진 점프하며 발 뒤꿈치 찍기,/entry.naver?docId=3535444&categoryId=58501&cid=58501,청소년,유연성,맨몸,허벅지앞쪽/종아리뒤쪽,N
전진 점프하며 발바닥 찍기,/entry.naver?docId=3535445&categoryId=58501&cid=58501,청소년,유연성,맨몸,허벅지앞쪽/종아리뒤쪽,N
빠르게 무릎 올려 찍기,/entry.naver?docId=3535446&categoryId=58501&cid=58501,청소년,유연성,맨몸,둔부/허벅지내측/허벅지외측,N
무릎굽혀 원 그리기,/entry.naver?docId=3535447&categoryId=58501&cid=58501,청소년,유연성,맨몸,둔부/허벅지내측,N
다리들어 옆으로 올리기,/entry.naver?docId=3535448&categoryId=58501&cid=58501,청소년,유연성,의자,허벅지내측/허벅지외측,Y
무릎 들어올리기,/entry.naver?docId=3535449&categoryId=58501&cid=58501,청소년,유연성,의자,둔부/허벅지앞쪽,Y
팔꿈치 원 그리기,/entry.naver?docId=3535450&categoryId=58501&cid=58501,청소년,유연성,의자,어깨측면,Y
목 돌리기,/entry.naver?docId=3535451&categoryId=58501&cid=58501,청소년,유연성,맨몸,목,N
발등 동시에 늘리기,/entry.naver?docId=3535452&categoryId=58501&cid=58501,청소년,유연성,맨몸,종아리앞쪽,N
마주보고 종아리 펴기,/entry.naver?docId=3535453&categoryId=58501&cid=58501,청소년,유연성,맨몸,종아리뒤쪽,N
엉덩이 늘리기,/entry.naver?docId=3535454&categoryId=58501&cid=58501,청소년,유연성,맨몸,둔부,N
앉아서 상체 앞 옆으로 기울기,/entry.naver?docId=3535455&categoryId=58501&cid=58501,청소년,유연성,맨몸,허벅지뒤쪽,N
한쪽 다리펴고 상체 숙이기,/entry.naver?docId=3535456&categoryId=58501&cid=58501,청소년,유연성,맨몸,허벅지뒤쪽,N
상체 앞으로 숙이기,/entry.naver?docId=3535457&categoryId=58501&cid=58501,청소년,유연성,맨몸,허벅지뒤쪽,N
웅크리고 앉아 손잡고 상체 숙이기,/entry.naver?docId=3535458&categoryId=58501&cid=58501,청소년,유연성,맨몸,등,N
마주보고 상체 좌우 비틀기,/entry.naver?docId=3535459&categoryId=58501&cid=58501,청소년,유연성,맨몸,어깨측면/가슴,N
가슴 어깨 펴기,/entry.naver?docId=3535460&categoryId=58501&cid=58501,청소년,유연성,맨몸,어깨측면/가슴,N
나란히 서서 손잡고 끌어당기기,/entry.naver?docId=3535461&categoryId=58501&cid=58501,청소년,유연성,맨몸,복부/옆구리,N
어깨 누르기,/entry.naver?docId=3535462&categoryId=58501&cid=58501,청소년,유연성,맨몸,어깨측면/위팔앞쪽,N
팔 당기기,/entry.naver?docId=3535463&categoryId=58501&cid=58501,청소년,유연성,맨몸,어깨측면/위팔앞쪽,N
겨드랑이 늘리기,/entry.naver?docId=3535464&categoryId=58501&cid=58501,청소년,유연성,맨몸,어깨측면/위팔뒤쪽,N
목 스트레칭,/entry.naver?docId=3535465&categoryId=58501&cid=58501,청소년,유연성,맨몸,목,N
몸통 비틀기,/entry.naver?docId=3535466&categoryId=58501&cid=58501,청소년,유연성,맨몸,몸통,N
나무자세,/entry.naver?docId=3535467&categoryId=58501&cid=58501,청소년,유연성,맨몸,어깨측면/허리/허벅지앞쪽,N
시소우,/entry.naver?docId=3535468&categoryId=58501&cid=58501,청소년,유연성,맨몸,복부/허리/허벅지앞쪽,N
레그 스윙,/entry.naver?docId=3535469&categoryId=58501&cid=58501,청소년,유연성,맨몸,어깨측면/복부/허벅지앞쪽,N
측면 팔대고 버티기,/entry.naver?docId=3535470&categoryId=58501&cid=58501,청소년,유연성,맨몸,어깨측면/옆구리,N
스타 투 니 풀,/entry.naver?docId=3535471&categoryId=58501&cid=58501,청소년,유연성,맨몸,복부/허벅지앞쪽,N
합장하여 앞으로 숙이기,/entry.naver?docId=3535472&categoryId=58501&cid=58501,청소년,유연성,맨몸,어깨측면/허리/둔부,N
전갈자세,/entry.naver?docId=3535473&categoryId=58501&cid=58501,청소년,유연성,맨몸,어깨측면/복부/둔부,N
회전 초승달 자세,/entry.naver?docId=3535474&categoryId=58501&cid=58501,청소년,유연성,맨몸,어깨측면/허벅지앞쪽,N
전사자세,/entry.naver?docId=3535475&categoryId=58501&cid=58501,청소년,유연성,맨몸,어깨측면/허리/허벅지앞쪽,N
소머리 자세,/entry.naver?docId=3535476&categoryId=58501&cid=58501,청소년,유연성,맨몸,어깨측면/둔부/허벅지앞쪽,N
다리자세,/entry.naver?docId=3535477&categoryId=58501&cid=58501,청소년,유연성,맨몸,목/복부/둔부,N
모관운동,/entry.naver?docId=3535478&categoryId=58501&cid=58501,청소년,유연성,맨몸,아래팔앞쪽/복부/종아리앞쪽,N
앉은 산 자세,/entry.naver?docId=3535479&categoryId=58501&cid=58501,청소년,유연성,맨몸,어깨측면/아래팔앞쪽/허리,N
결가부좌,/entry.naver?docId=3535480&categoryId=58501&cid=58501,청소년,유연성,맨몸,허리/허벅지앞쪽/종아리앞쪽,N
휴식자세,/entry.naver?docId=3535481&categoryId=58501&cid=58501,청소년,유연성,맨몸,전신,N
아기자세,/entry.naver?docId=3535482&categoryId=58501&cid=58501,청소년,유연성,맨몸,어깨측면/허리,N
왜가리 자세,/entry.naver?docId=3535483&categoryId=58501&cid=58501,청소년,유연성,맨몸,둔부/허벅지뒤쪽/종아리뒤쪽,N
나비자세,/entry.naver?docId=3535484&categoryId=58501&cid=58501,청소년,유연성,맨몸,허벅지앞쪽/허벅지내측,N
발 끝 당기기,/entry.naver?docId=3535485&categoryId=58501&cid=58501,청소년,유연성,맨몸,종아리,N
발목 돌리기,/entry.naver?docId=3535486&categoryId=58501&cid=58501,청소년,유연성,맨몸,허벅지뒤쪽/종아리앞쪽,N
엎드려 한발 원 그리기,/entry.naver?docId=3535487&categoryId=58501&cid=58501,청소년,유연성,맨몸,둔부/허벅지내측,N
누워 한발 원 그리기,/entry.naver?docId=3535488&categoryId=58501&cid=58501,청소년,유연성,맨몸,허벅지내측,N
물고기 자세,/entry.naver?docId=3535489&categoryId=58501&cid=58501,청소년,유연성,맨몸,몸통/등,N
반달자세,/entry.naver?docId=3535490&categoryId=58501&cid=58501,청소년,유연성,맨몸,몸통,N
복식호흡,/entry.naver?docId=3535491&categoryId=58501&cid=58501,청소년,유연성,맨몸,복부,N
고양이 자세,/entry.naver?docId=3535492&categoryId=58501&cid=58501,청소년,유연성,맨몸,목/허리,N
짐볼 운동 루틴프로그램,/entry.naver?docId=3535494&categoryId=58501&cid=58501,청소년,협응력,짐볼,전신/하체/몸통,Y
메디신볼 운동 루틴프로그램,/entry.naver?docId=3535495&categoryId=58501&cid=58501,청소년,협응력,공,전신/가슴/상체/몸통,Y
백 슬라이드,/entry.naver?docId=3535496&categoryId=58501&cid=58501,청소년,협응력,짐볼,복부/허리,Y
양손 모아 균형 잡기,/entry.naver?docId=3535497&categoryId=58501&cid=58501,청소년,협응력,짐볼,등,Y
다리 교대로 들어올리기,/entry.naver?docId=3535498&categoryId=58501&cid=58501,청소년,협응력,짐볼,복부/몸통,Y
짐볼 윗몸일으키기,/entry.naver?docId=3535499&categoryId=58501&cid=58501,청소년,협응력,짐볼,복부/몸통,Y
짐볼 배에 대고 버티기,/entry.naver?docId=3535500&categoryId=58501&cid=58501,청소년,협응력,짐볼,복부/등/허리,Y
짐볼 전완대고 버티기,/entry.naver?docId=3535501&categoryId=58501&cid=58501,청소년,협응력,짐볼,복부/허리,Y
누워 무릎 교차 올리기,/entry.naver?docId=3535502&categoryId=58501&cid=58501,청소년,협응력,짐볼,허리/둔부,Y
양발 교차 올리기,/entry.naver?docId=3535503&categoryId=58501&cid=58501,청소년,협응력,짐볼,허리/둔부,Y
허리 비틀어 볼 주고받기,/entry.naver?docId=3535504&categoryId=58501&cid=58501,청소년,협응력,공,복부/몸통,Y
볼 잡고 점프하기,/entry.naver?docId=3535505&categoryId=58501&cid=58501,청소년,협응력,공,복부/둔부/허벅지앞쪽,Y
메디신 볼 잡고 런지하며 상체비틀기,/entry.naver?docId=3535506&categoryId=58501&cid=58501,청소년,협응력,공,복부/허벅지앞쪽,Y
종아리 사이 감아 돌리기,/entry.naver?docId=3535507&categoryId=58501&cid=58501,청소년,협응력,공,위팔앞쪽/아래팔앞쪽/복부,Y
볼 튕기면서 스쿼트,/entry.naver?docId=3535508&categoryId=58501&cid=58501,청소년,협응력,공,어깨측면/복부/허벅지앞쪽,Y
메디신 볼 잡고 팔굽혀펴기,/entry.naver?docId=3535509&categoryId=58501&cid=58501,청소년,협응력,공,어깨측면/전신/가슴,Y
허리 감아 볼 돌리기,/entry.naver?docId=3535510&categoryId=58501&cid=58501,청소년,협응력,공,어깨측면/위팔앞쪽,Y
볼 잡고 몸통 기울이기,/entry.naver?docId=3535511&categoryId=58501&cid=58501,청소년,협응력,공,어깨측면/옆구리,Y
머리 위로 볼 돌리기,/entry.naver?docId=3535512&categoryId=58501&cid=58501,청소년,협응력,공,어깨측면/복부,Y
목 굽힘/폄 I,/entry.naver?docId=3535517&categoryId=58501&cid=58501,성인,근력/근지구력,맨몸,목,N
목 굽힘/폄 II,/entry.naver?docId=3535516&categoryId=58501&cid=58501,성인,근력/근지구력,맨몸,목,N
목 굽힘/폄 III,/entry.naver?docId=3535515&categoryId=58501&cid=58501,성인,근력/근지구력,맨몸,목,N
팔꿈치 굽히기,/entry.naver?docId=3535518&categoryId=58501&cid=58501,성인,근력/근지구력,물병,위팔앞쪽,Y
물병 옆으로 들어올리기,/entry.naver?docId=3535519&categoryId=58501&cid=58501,성인,근력/근지구력,물병,어깨측면,Y
허리 굽혀 팔 뒤로 들기,/entry.naver?docId=3535520&categoryId=58501&cid=58501,성인,근력/근지구력,물병,위팔뒤쪽,Y
뒤로 팔굽혀펴기,/entry.naver?docId=3535521&categoryId=58501&cid=58501,성인,근력/근지구력,맨몸,위팔뒤쪽,N
팔굽혀펴기,/entry.naver?docId=3535522&categoryId=58501&cid=58501,성인,근력/근지구력,맨몸,몸통,N
네발기기 자세에서 다리 위로 뻗어올리기,/entry.naver?docId=3535523&categoryId=58501&cid=58501,성인,근력/근지구력,맨몸,둔부,N
짐볼에 다리 올리고 좌우로 움직이기,/entry.naver?docId=3535524&categoryId=58501&cid=58501,성인,근력/근지구력,짐볼,몸통,Y
서서 탄력밴드 당겨내리기/올리기,/entry.naver?docId=3535525&categoryId=58501&cid=58501,성인,근력/근지구력,탄력밴드,어깨,Y
탄력밴드 어깨 가쪽 돌림,/entry.naver?docId=3535526&categoryId=58501&cid=58501,성인,근력/근지구력,탄력밴드,어깨,Y
짐볼에 엎드려서 몸통 젖히기,/entry.naver?docId=3535527&categoryId=58501&cid=58501,성인,근력/근지구력,짐볼,허리,Y
짐볼에 엎드려서 팔 다리 들기,/entry.naver?docId=3535528&categoryId=58501&cid=58501,성인,근력/근지구력,짐볼,허리,Y
네발기기 자세에서 손바닥으로 바닥밀기,/entry.naver?docId=3535529&categoryId=58501&cid=58501,성인,근력/근지구력,맨몸,어깨,N
엎드려서 팔 다리 들기,/entry.naver?docId=3535530&categoryId=58501&cid=58501,성인,근력/근지구력,맨몸,허리,N
네발기기 자세로 팔 다리 들기,/entry.naver?docId=3535531&categoryId=58501&cid=58501,성인,근력/근지구력,맨몸,둔부,N
짐볼에 다리 올리고 엉덩이 들어올리기,/entry.naver?docId=3535532&categoryId=58501&cid=58501,성인,근력/근지구력,짐볼,허리,Y
누워서 엉덩이 들어올리기,/entry.naver?docId=3535533&categoryId=58501&cid=58501,성인,근력/근지구력,맨몸,허리,N
누워서 하늘 자전거,/entry.naver?docId=3535534&categoryId=58501&cid=58501,성인,근력/근지구력,맨몸,복부,N
누워서 수직으로 다리 들어올리기,/entry.naver?docId=3535535&categoryId=58501&cid=58501,성인,근력/근지구력,맨몸,복부,N
누워서 공들고 몸 기울이기,/entry.naver?docId=3535536&categoryId=58501&cid=58501,성인,근력/근지구력,공,몸통,Y
누워서 다리 좌우로 움직이기,/entry.naver?docId=3535537&categoryId=58501&cid=58501,성인,근력/근지구력,공,몸통,Y
누워서 팔 다리 동시에 들어올리기,/entry.naver?docId=3535538&categoryId=58501&cid=58501,성인,근력/근지구력,맨몸,복부,N
누워서 다리 들어올리기,/entry.naver?docId=3535539&categoryId=58501&cid=58501,성인,근력/근지구력,맨몸,아랫복근,N
옆으로 누워 버티기,/entry.naver?docId=3535540&categoryId=58501&cid=58501,성인,근력/근지구력,맨몸,몸통,N
엎드려 버티기,/entry.naver?docId=3535541&categoryId=58501&cid=58501,성인,근력/근지구력,맨몸,복부,N
소파를 이용한 윗몸올리기,/entry.naver?docId=3535542&categoryId=58501&cid=58501,성인,근력/근지구력,소파,윗복근,Y
짐볼 윗몸올리기,/entry.naver?docId=3535543&categoryId=58501&cid=58501,성인,근력/근지구력,짐볼,윗복근,Y
윗몸올리기,/entry.naver?docId=3535544&categoryId=58501&cid=58501,성인,근력/근지구력,맨몸,윗복근,N
누워서 배가로근 수축 I,/entry.naver?docId=3535546&categoryId=58501&cid=58501,성인,근력/근지구력,맨몸,복부,N
누워서 배가로근 수축 II,/entry.naver?docId=3535545&categoryId=58501&cid=58501,성인,근력/근지구력,맨몸,복부/허리,N
발등굽힘/발바닥굽힘,/entry.naver?docId=3535547&categoryId=58501&cid=58501,성인,근력/근지구력,맨몸/탄력밴드,종아리앞쪽/종아리뒤쪽,Y
한발 서서 균형잡기,/entry.naver?docId=3535548&categoryId=58501&cid=58501,성인,근력/근지구력,의자,하체,Y
서서 뒤꿈치 들기,/entry.naver?docId=3535549&categoryId=58501&cid=58501,성인,근력/근지구력,의자/탄력밴드/짐볼,종아리,Y
서서 다리로 탄력밴드 당기기 I,/entry.naver?docId=3535551&categoryId=58501&cid=58501,성인,근력/근지구력,탄력밴드,허벅지앞쪽/허벅지뒤쪽,Y
서서 다리로 탄력밴드 당기기 II,/entry.naver?docId=3535550&categoryId=58501&cid=58501,성인,근력/근지구력,탄력밴드,허벅지내측/허벅지외측,Y
서서 다리 뒤로 차기,/entry.naver?docId=3535552&categoryId=58501&cid=58501,성인,근력/근지구력,의자,둔부,Y
앉아서 엉덩관절 굽히기,/entry.naver?docId=3535553&categoryId=58501&cid=58501,성인,근력/근지구력,의자,허벅지,Y
의자에 앉아 다리 뻗어 올리기,/entry.naver?docId=3535554&categoryId=58501&cid=58501,성인,근력/근지구력,의자,허벅지앞쪽,Y
의자에 한 다리 올리고 앉았다 일어서기,/entry.naver?docId=3535555&categoryId=58501&cid=58501,성인,근력/근지구력,의자,둔부/몸통,Y
한발 앞으로 내밀고 앉았다 일어서기,/entry.naver?docId=3535556&categoryId=58501&cid=58501,성인,근력/근지구력,맨몸,둔부/몸통,N
의자 앞에서 앉았다 일어서기,/entry.naver?docId=3535557&categoryId=58501&cid=58501,성인,근력/근지구력,의자,허벅지,Y
앉았다 일어서기,/entry.naver?docId=3535558&categoryId=58501&cid=58501,성인,근력/근지구력,맨몸,허벅지,N
서서 상체 일으키기,/entry.naver?docId=3535559&categoryId=58501&cid=58501,성인,근력/근지구력,물병,허리,Y
짝 운동,/entry.naver?docId=3535560&categoryId=58501&cid=58501,성인,근력/근지구력,보슈볼,전신,Y
서서 균형잡으며 몸통 회전하기,/entry.naver?docId=3535561&categoryId=58501&cid=58501,성인,근력/근지구력,보슈볼,전신,Y
엎드려서 다리 차올리기,/entry.naver?docId=3535562&categoryId=58501&cid=58501,성인,근력/근지구력,보슈볼,둔부,Y
윗몸 말아 올리기,/entry.naver?docId=3535563&categoryId=58501&cid=58501,성인,근력/근지구력,보슈볼,복부,Y
엎드려서 균형잡기,/entry.naver?docId=3535564&categoryId=58501&cid=58501,성인,근력/근지구력,보슈볼,허리,Y
서서 균형잡기,/entry.naver?docId=3535565&categoryId=58501&cid=58501,성인,근력/근지구력,보슈볼,하체,Y
앉아서 팔꿈치 굽히기/펴기,/entry.naver?docId=3535566&categoryId=58501&cid=58501,성인,근력/근지구력,보슈볼,위팔/아래팔앞쪽/아래팔뒤쪽,Y
손목 펴기/굽히기,/entry.naver?docId=3535567&categoryId=58501&cid=58501,성인,근력/근지구력,프리웨이트,위팔/아래팔앞쪽/아래팔뒤쪽,Y
덤벨 옆으로 들어올리기,/entry.naver?docId=3535568&categoryId=58501&cid=58501,성인,근력/근지구력,프리웨이트,어깨측면,Y
허리 굽혀 덤벨 뒤로 들기,/entry.naver?docId=3535569&categoryId=58501&cid=58501,성인,근력/근지구력,프리웨이트,위팔뒤쪽,Y
누워서 머리 위로 팔꿈치 펴기,/entry.naver?docId=3535570&categoryId=58501&cid=58501,성인,근력/근지구력,프리웨이트,위팔뒤쪽,Y
고정한 상태에서 덤벨 들고 팔꿈치 굽히기,/entry.naver?docId=3535571&categoryId=58501&cid=58501,성인,근력/근지구력,프리웨이트,위팔앞쪽,Y
바벨 들어 팔꿈치 굽히기,/entry.naver?docId=3535572&categoryId=58501&cid=58501,성인,근력/근지구력,프리웨이트,위팔앞쪽,Y
서서 바벨 위로 밀기,/entry.naver?docId=3535573&categoryId=58501&cid=58501,성인,근력/근지구력,프리웨이트,어깨,Y
누워서 덤벨 모아들기,/entry.naver?docId=3535574&categoryId=58501&cid=58501,성인,근력/근지구력,프리웨이트,몸통,Y
누워서 덤벨 들어올리기,/entry.naver?docId=3535575&categoryId=58501&cid=58501,성인,근력/근지구력,프리웨이트,몸통,Y
매달려서 뒤로 팔굽혀 펴기,/entry.naver?docId=3535576&categoryId=58501&cid=58501,성인,근력/근지구력,프리웨이트,몸통,Y
몸통 옆으로 굽히기,/entry.naver?docId=3535577&categoryId=58501&cid=58501,성인,근력/근지구력,프리웨이트,몸통,Y
매달려서 다리 들기,/entry.naver?docId=3535578&categoryId=58501&cid=58501,성인,근력/근지구력,프리웨이트,복부,Y
허리 굽혀 덤벨 들기,/entry.naver?docId=3535579&categoryId=58501&cid=58501,성인,근력/근지구력,프리웨이트,어깨뒤쪽,Y
바벨 끌어당기기,/entry.naver?docId=3535580&categoryId=58501&cid=58501,성인,근력/근지구력,프리웨이트,상체,Y
턱걸이,/entry.naver?docId=3535581&categoryId=58501&cid=58501,성인,근력/근지구력,프리웨이트,상체,Y
서서 어깨 들어올리기,/entry.naver?docId=3535582&categoryId=58501&cid=58501,성인,근력/근지구력,프리웨이트,어깨/등,Y
한발 앞으로 내밀고 앉았다 일어서기,/entry.naver?docId=3535583&categoryId=58501&cid=58501,성인,근력/근지구력,프리웨이트,둔부/몸통,Y
앉았다 일어서기,/entry.naver?docId=3535584&categoryId=58501&cid=58501,성인,근력/근지구력,프리웨이트,허벅지,Y
파워클린,/entry.naver?docId=3535585&categoryId=58501&cid=58501,성인,근력/근지구력,프리웨이트,전신/하체/허리,Y
원판던지기,/entry.naver?docId=3535586&categoryId=58501&cid=58501,성인,근력/근지구력,프리웨이트,전신/하체/허리,Y
바벨들어올리기,/entry.naver?docId=3535587&categoryId=58501&cid=58501,성인,근력/근지구력,프리웨이트,허리,Y
앉아서 위로 밀기,/entry.naver?docId=3535588&categoryId=58501&cid=58501,성인,근력/근지구력,웨이트기계,어깨,Y
앉아서 모으기,/entry.naver?docId=3535589&categoryId=58501&cid=58501,성인,근력/근지구력,웨이트기계,몸통,Y
거꾸로 누워서 밀기,/entry.naver?docId=3535590&categoryId=58501&cid=58501,성인,근력/근지구력,웨이트기계,몸통,Y
비스듬히 누워서 밀기,/entry.naver?docId=3535591&categoryId=58501&cid=58501,성인,근력/근지구력,웨이트기계,몸통,Y
누워서 밀기,/entry.naver?docId=3535592&categoryId=58501&cid=58501,성인,근력/근지구력,웨이트기계,몸통,Y
앉아서 밀기,/entry.naver?docId=3535593&categoryId=58501&cid=58501,성인,근력/근지구력,웨이트기계,몸통,Y
앉아서 몸통 움츠리기,/entry.naver?docId=3535594&categoryId=58501&cid=58501,성인,근력/근지구력,웨이트기계,윗복근,Y
몸통 들어올리기,/entry.naver?docId=3535595&categoryId=58501&cid=58501,성인,근력/근지구력,웨이트기계,허리,Y
앉아서 뒤로 당기기,/entry.naver?docId=3535596&categoryId=58501&cid=58501,성인,근력/근지구력,웨이트기계,등,Y
앉아서 당겨 내리기,/entry.naver?docId=3535597&categoryId=58501&cid=58501,성인,근력/근지구력,웨이트기계,등,Y
앉아서 다리 벌리기,/entry.naver?docId=3535598&categoryId=58501&cid=58501,성인,근력/근지구력,웨이트기계,허벅지외측,Y
앉아서 다리 모으기,/entry.naver?docId=3535599&categoryId=58501&cid=58501,성인,근력/근지구력,웨이트기계,종아리뒤쪽,Y
뒤꿈치 들기,/entry.naver?docId=3535600&categoryId=58501&cid=58501,성인,근력/근지구력,웨이트기계,종아리뒤쪽,Y
앉아서 다리 굽히기,/entry.naver?docId=3535601&categoryId=58501&cid=58501,성인,근력/근지구력,웨이트기계,허벅지뒤쪽,Y
앉아서 다리 펴기,/entry.naver?docId=3535602&categoryId=58501&cid=58501,성인,근력/근지구력,웨이트기계,허벅지앞쪽,Y
앉아서 다리 밀기,/entry.naver?docId=3535603&categoryId=58501&cid=58501,성인,근력/근지구력,웨이트기계,허벅지,Y
몸 기울이기/회전하기,/entry.naver?docId=3535605&categoryId=58501&cid=58501,성인,심폐지구력,수중운동,전신,Y
발 닿기,/entry.naver?docId=3535606&categoryId=58501&cid=58501,성인,심폐지구력,수중운동,전신,Y
물누르기/올리기,/entry.naver?docId=3535607&categoryId=58501&cid=58501,성인,심폐지구력,수중운동,어깨앞쪽,Y
옆구리늘리기,/entry.naver?docId=3535608&categoryId=58501&cid=58501,성인,심폐지구력,수중운동,몸통,Y
물당기기/밀기,/entry.naver?docId=3535609&categoryId=58501&cid=58501,성인,심폐지구력,수중운동,등/몸통,Y
엉덩관절 회전하기,/entry.naver?docId=3535610&categoryId=58501&cid=58501,성인,심폐지구력,수중운동,몸통,Y
수영,/entry.naver?docId=3535611&categoryId=58501&cid=58501,성인,심폐지구력,수중운동,전신,Y
계단 뛰어 오르기,/entry.naver?docId=3535612&categoryId=58501&cid=58501,성인,심폐지구력,맨몸,허벅지,N
계단 올라갔다 내려오기,/entry.naver?docId=3535613&categoryId=58501&cid=58501,성인,심폐지구력,맨몸,허벅지,N
줄넘기,/entry.naver?docId=3535614&categoryId=58501&cid=58501,성인,심폐지구력,줄넘기,하체,Y
트레드밀에서 걷기,/entry.naver?docId=3535615&categoryId=58501&cid=58501,성인,심폐지구력,웨이트기계,하체,Y
실내 자전거타기,/entry.naver?docId=3535616&categoryId=58501&cid=58501,성인,심폐지구력,웨이트기계,허벅지,Y
실외 자전거타기,/entry.naver?docId=3535617&categoryId=58501&cid=58501,성인,심폐지구력,자전거,허벅지,Y
달리기,/entry.naver?docId=3535618&categoryId=58501&cid=58501,성인,심폐지구력,맨몸,전신,N
계단 한발 뛰기,/entry.naver?docId=3535620&categoryId=58501&cid=58501,성인,민첩성/순발력,맨몸,하체,N
계단 두 칸씩 뛰기,/entry.naver?docId=3535621&categoryId=58501&cid=58501,성인,민첩성/순발력,맨몸,하체,N
계단 두발 뛰기,/entry.naver?docId=3535622&categoryId=58501&cid=58501,성인,민첩성/순발력,맨몸,하체,N
점프 팔굽혀펴기,/entry.naver?docId=3535623&categoryId=58501&cid=58501,성인,민첩성/순발력,맨몸,몸통,N
버피운동,/entry.naver?docId=3535624&categoryId=58501&cid=58501,성인,민첩성/순발력,맨몸,전신,N
팔벌려뛰기,/entry.naver?docId=3535625&categoryId=58501&cid=58501,성인,민첩성/순발력,맨몸,전신,N
사다리 옆으로 발 옮기기,/entry.naver?docId=3535626&categoryId=58501&cid=58501,성인,민첩성/순발력,사다리,하체,Y
사다리 좌우 뛰기,/entry.naver?docId=3535627&categoryId=58501&cid=58501,성인,민첩성/순발력,사다리,하체,Y
사다리 안팎 뛰기,/entry.naver?docId=3535628&categoryId=58501&cid=58501,성인,민첩성/순발력,사다리,하체,Y
뛰어 내렸다가 바로 점프하기,/entry.naver?docId=3535629&categoryId=58501&cid=58501,성인,민첩성/순발력,의자,하체,Y
스텝퍼 올라가서 점프하여 착지하기,/entry.naver?docId=3535630&categoryId=58501&cid=58501,성인,민첩성/순발력,스텝퍼,하체,Y
스텝퍼 옆으로 뛰어넘기,/entry.naver?docId=3535631&categoryId=58501&cid=58501,성인,민첩성/순발력,스텝퍼,하체,Y
스텝퍼 뛰어서 넘어가기,/entry.naver?docId=3535632&categoryId=58501&cid=58501,성인,민첩성/순발력,스텝퍼,하체,Y
스텝퍼 뛰어서 오르내리기,/entry.naver?docId=3535633&categoryId=58501&cid=58501,성인,민첩성/순발력,스텝퍼,하체,Y
스텝퍼 오르내리기,/entry.naver?docId=3535634&categoryId=58501&cid=58501,성인,민첩성/순발력,스텝퍼,하체,Y
옆으로 펀치하기,/entry.naver?docId=3535635&categoryId=58501&cid=58501,성인,민첩성/순발력,맨몸,전신,N
무릎 높여 제자리 달리기,/entry.naver?docId=3535636&categoryId=58501&cid=58501,성인,민첩성/순발력,맨몸,허벅지,N
앉았다 일어서면서 점프하기,/entry.naver?docId=3535637&categoryId=58501&cid=58501,성인,민첩성/순발력,맨몸,허벅지,N
자가근막이완술 루틴 스트레칭,/entry.naver?docId=3535639&categoryId=58501&cid=58501,성인,유연성,폼롤,전신,Y
작은 공을 이용한 동적 루틴 스트레칭,/entry.naver?docId=3535640&categoryId=58501&cid=58501,성인,유연성,공,전신,Y
짐볼을 이용한 동적 루틴 스트레칭,/entry.naver?docId=3535641&categoryId=58501&cid=58501,성인,유연성,짐볼,전신,Y
좌식생활자를 위한 동적 루틴 스트레칭,/entry.naver?docId=3535642&categoryId=58501&cid=58501,성인,유연성,맨몸,전신,N
유산소 운동 전 동적 루틴 스트레칭,/entry.naver?docId=3535643&categoryId=58501&cid=58501,성인,유연성,맨몸,전신,N
전신 루틴 스트레칭,/entry.naver?docId=3535644&categoryId=58501&cid=58501,성인,유연성,맨몸,전신,N
상지 루틴 스트레칭,/entry.naver?docId=3535645&categoryId=58501&cid=58501,성인,유연성,맨몸,상체,N
하지 루틴 스트레칭1,/entry.naver?docId=3535647&categoryId=58501&cid=58501,성인,유연성,맨몸,하체,N
하지 루틴 스트레칭2,/entry.naver?docId=3535646&categoryId=58501&cid=58501,성인,유연성,맨몸,하체,N
넙다리 안쪽 스트레칭,/entry.naver?docId=3535648&categoryId=58501&cid=58501,성인,유연성,맨몸,허벅지내측,N
넙다리 앞쪽 스트레칭,/entry.naver?docId=3535649&categoryId=58501&cid=58501,성인,유연성,맨몸,허벅지앞쪽,N
넙다리 뒤쪽 스트레칭,/entry.naver?docId=3535650&categoryId=58501&cid=58501,성인,유연성,맨몸,허벅지뒤쪽,N
엉덩이 스트레칭,/entry.naver?docId=3535651&categoryId=58501&cid=58501,성인,유연성,맨몸,둔부,N
옆구리 스트레칭,/entry.naver?docId=3535652&categoryId=58501&cid=58501,성인,유연성,맨몸,몸통,N
배 스트레칭,/entry.naver?docId=3535653&categoryId=58501&cid=58501,성인,유연성,맨몸,복부,N
허리 스트레칭,/entry.naver?docId=3535654&categoryId=58501&cid=58501,성인,유연성,맨몸,허리,N
아래 팔 스트레칭,/entry.naver?docId=3535655&categoryId=58501&cid=58501,성인,유연성,맨몸,아래팔,N
가슴/어깨 앞쪽 스트레칭,/entry.naver?docId=3535656&categoryId=58501&cid=58501,성인,유연성,맨몸,어깨,N
등/어깨 뒤쪽 스트레칭,/entry.naver?docId=3535657&categoryId=58501&cid=58501,성인,유연성,맨몸,어깨,N
목 스트레칭,/entry.naver?docId=3535658&categoryId=58501&cid=58501,성인,유연성,맨몸,목,N
밴드 잡고 몸통 옆으로 굽히기,/entry.naver?docId=3535661&categoryId=58501&cid=58501,어르신,근력/근지구력,밴드,몸통,Y
앉아서 밴드 잡고 몸통 돌리기,/entry.naver?docId=3535662&categoryId=58501&cid=58501,어르신,근력/근지구력,밴드/의자,복부,Y
엎드려 양팔 및 다리 들어올리기,/entry.naver?docId=3535663&categoryId=58501&cid=58501,어르신,근력/근지구력,맨몸,허리/등,N
의자에 앉아 등 굽혔다 펴기,/entry.naver?docId=3535664&categoryId=58501&cid=58501,어르신,근력/근지구력,의자,허리,Y
다리로 짐볼 들어올리기,/entry.naver?docId=3535665&categoryId=58501&cid=58501,어르신,근력/근지구력,짐볼,복부,Y
짐볼에서 윗몸 일으키기,/entry.naver?docId=3535666&categoryId=58501&cid=58501,어르신,근력/근지구력,짐볼,복부,Y
짐볼에서 엉덩이 돌리기,/entry.naver?docId=3535667&categoryId=58501&cid=58501,어르신,근력/근지구력,짐볼,몸통,Y
짐볼에서 몸통 돌리기,/entry.naver?docId=3535668&categoryId=58501&cid=58501,어르신,근력/근지구력,짐볼,복부,Y
볼 위에 앉아 밴드 양옆으로 당기기,/entry.naver?docId=3535669&categoryId=58501&cid=58501,어르신,근력/근지구력,짐볼/밴드,등/어깨,Y
의자에 앉아 볼 돌리기,/entry.naver?docId=3535670&categoryId=58501&cid=58501,어르신,근력/근지구력,공,위팔/아래팔,Y
짐볼 들고 양옆으로 돌리기,/entry.naver?docId=3535671&categoryId=58501&cid=58501,어르신,근력/근지구력,짐볼,어깨/허리,Y
누워서 공 뒤로 내리고 당기기,/entry.naver?docId=3535672&categoryId=58501&cid=58501,어르신,근력/근지구력,공,가슴/위팔뒤쪽/어깨앞쪽,Y
벽에서 팔굽혀 펴기,/entry.naver?docId=3535673&categoryId=58501&cid=58501,어르신,근력/근지구력,맨몸,가슴/위팔뒤쪽,N
플렉스 바 비틀기,/entry.naver?docId=3535674&categoryId=58501&cid=58501,어르신,근력/근지구력,플렉스 바,아래팔,Y
밴드 머리 뒤로 들어올리기,/entry.naver?docId=3535675&categoryId=58501&cid=58501,어르신,근력/근지구력,밴드,위팔뒤쪽,Y
물통으로 양팔 들어올리기,/entry.naver?docId=3535676&categoryId=58501&cid=58501,어르신,근력/근지구력,물병,위팔앞쪽,Y
몸통 들어올리기,/entry.naver?docId=3535677&categoryId=58501&cid=58501,어르신,근력/근지구력,맨몸,둔부/허리,N
엎드려 뒤로 다리 올리기,/entry.naver?docId=3535678&categoryId=58501&cid=58501,어르신,근력/근지구력,맨몸,둔부/몸통,N
밴드 잡고 누워서 다리 밀기,/entry.naver?docId=3535679&categoryId=58501&cid=58501,어르신,근력/근지구력,밴드,허벅지,Y
의자 앉아 다리로 짐볼 쥐기,/entry.naver?docId=3535680&categoryId=58501&cid=58501,어르신,근력/근지구력,짐볼/의자,허벅지내측,Y
밴드 걸고 옆으로 누워 다리 올리기,/entry.naver?docId=3535681&categoryId=58501&cid=58501,어르신,근력/근지구력,밴드,허벅지외측,Y
밴드 걸고 앉아서 발등 굽힘,/entry.naver?docId=3535682&categoryId=58501&cid=58501,어르신,근력/근지구력,밴드,종아리,Y
목봉잡고 앉았다 일어서기,/entry.naver?docId=3535683&categoryId=58501&cid=58501,어르신,근력/근지구력,목봉,허벅지,Y
밴드 걸고 누워서 다리 들어올리기,/entry.naver?docId=3535684&categoryId=58501&cid=58501,어르신,근력/근지구력,밴드,허벅지앞쪽,Y
밴드 걸고 엎드려서 다리 구부리기,/entry.naver?docId=3535685&categoryId=58501&cid=58501,어르신,근력/근지구력,밴드,허벅지뒤쪽,Y
물병 들고 한발 앞으로 내밀고 앉았다 일어서기,/entry.naver?docId=3535686&categoryId=58501&cid=58501,어르신,근력/근지구력,물병,몸통/둔부,Y
공 잡고 들어올리기,/entry.naver?docId=3535687&categoryId=58501&cid=58501,어르신,근력/근지구력,짐볼,하체,Y
짐볼 이용해 앉았다 일어서기,/entry.naver?docId=3535688&categoryId=58501&cid=58501,어르신,근력/근지구력,짐볼,허벅지,Y
앉아서 덤벨로 손목 굽히기,/entry.naver?docId=3535689&categoryId=58501&cid=58501,어르신,근력/근지구력,프리웨이트,아래팔앞쪽,Y
앉아서 어깨 위로 밀기,/entry.naver?docId=3535690&categoryId=58501&cid=58501,어르신,근력/근지구력,웨이트기계,어깨,Y
서서 팔꿈치 펴기,/entry.naver?docId=3535691&categoryId=58501&cid=58501,어르신,근력/근지구력,웨이트기계,위팔뒤쪽,Y
앉아서 팔꿈치 굽히기,/entry.naver?docId=3535692&categoryId=58501&cid=58501,어르신,근력/근지구력,웨이트기계,위팔앞쪽,Y
앉아서 가슴 모으기,/entry.naver?docId=3535693&categoryId=58501&cid=58501,어르신,근력/근지구력,웨이트기계,몸통,Y
앉아서 당겨 내리기,/entry.naver?docId=3535694&categoryId=58501&cid=58501,어르신,근력/근지구력,웨이트기계,등,Y
바벨 당겨 올리기,/entry.naver?docId=3535695&categoryId=58501&cid=58501,어르신,근력/근지구력,프리웨이트,어깨뒤쪽,Y
누워서 가슴 밀기,/entry.naver?docId=3535696&categoryId=58501&cid=58501,어르신,근력/근지구력,웨이트기계,몸통,Y
덤벨 잡고 몸통 옆으로 굽히기,/entry.naver?docId=3535697&categoryId=58501&cid=58501,어르신,근력/근지구력,프리웨이트,몸통,Y
앉아서 뒤로 당기기,/entry.naver?docId=3535698&categoryId=58501&cid=58501,어르신,근력/근지구력,웨이트기계,등,Y
몸통 들어올리기,/entry.naver?docId=3535699&categoryId=58501&cid=58501,어르신,근력/근지구력,웨이트기계,허리,Y
앉아서 몸통 움츠리기,/entry.naver?docId=3535700&categoryId=58501&cid=58501,어르신,근력/근지구력,웨이트기계,복부,Y
서서 다리 모으고 벌리기,/entry.naver?docId=3535701&categoryId=58501&cid=58501,어르신,근력/근지구력,웨이트기계,하체,Y
덤벨 잡고 한발 내밀어 굽혔다 펴기,/entry.naver?docId=3535702&categoryId=58501&cid=58501,어르신,근력/근지구력,프리웨이트,몸통/둔부,Y
덤벨 잡고 뒤꿈치 들기,/entry.naver?docId=3535703&categoryId=58501&cid=58501,어르신,근력/근지구력,프리웨이트,종아리,Y
앉아서 다리 밀기,/entry.naver?docId=3535704&categoryId=58501&cid=58501,어르신,근력/근지구력,웨이트기계,허벅지,Y
엎드려서 다리 굽히기,/entry.naver?docId=3535705&categoryId=58501&cid=58501,어르신,근력/근지구력,웨이트기계,허벅지뒤쪽,Y
앉아서 다리 펴기,/entry.naver?docId=3535706&categoryId=58501&cid=58501,어르신,근력/근지구력,웨이트기계,허벅지앞쪽,Y
바벨 잡고 들어올리기,/entry.naver?docId=3535707&categoryId=58501&cid=58501,어르신,근력/근지구력,프리웨이트,하체,Y
덤벨 잡고 앉았다 일어서기,/entry.naver?docId=3535708&categoryId=58501&cid=58501,어르신,근력/근지구력,프리웨이트,하체,Y
수영,/entry.naver?docId=3535710&categoryId=58501&cid=58501,어르신,심폐지구력,수중운동,전신,Y
아쿠아로빅 루틴 프로그램,/entry.naver?docId=3535711&categoryId=58501&cid=58501,어르신,심폐지구력,수중운동,전신,Y
아쿠아로빅-몸 기울이기/회전하기,/entry.naver?docId=3535712&categoryId=58501&cid=58501,어르신,심폐지구력,수중운동,전신,Y
아쿠아로빅-발 닿기,/entry.naver?docId=3535713&categoryId=58501&cid=58501,어르신,심폐지구력,수중운동,전신,Y
아쿠아로빅-물누르기/올리기,/entry.naver?docId=3535714&categoryId=58501&cid=58501,어르신,심폐지구력,수중운동,어깨/가슴,Y
아쿠아로빅-옆구리 늘리기,/entry.naver?docId=3535715&categoryId=58501&cid=58501,어르신,심폐지구력,수중운동,몸통,Y
아쿠아로빅-물당기기/밀기,/entry.naver?docId=3535716&categoryId=58501&cid=58501,어르신,심폐지구력,수중운동,등/몸통,Y
아쿠아로빅-엉덩관절 회전하기,/entry.naver?docId=3535717&categoryId=58501&cid=58501,어르신,심폐지구력,수중운동,몸통,Y
물속에서 걷기,/entry.naver?docId=3535718&categoryId=58501&cid=58501,어르신,심폐지구력,수중운동,하체,Y
스텝박스 이용해 걷기,/entry.naver?docId=3535719&categoryId=58501&cid=58501,어르신,심폐지구력,스텝박스,하체,Y
고정식 자전거 타기,/entry.naver?docId=3535720&categoryId=58501&cid=58501,어르신,심폐지구력,웨이트기계,허벅지,Y
고정식 트레드밀에서 걷기,/entry.naver?docId=3535721&categoryId=58501&cid=58501,어르신,심폐지구력,웨이트기계,전신/하체,Y
폼롤러 밀며 몸 앞으로 숙이기,/entry.naver?docId=3535723&categoryId=58501&cid=58501,어르신,유연성,폼롤러,허리/허벅지내측,Y
폼롤러 앞으로 굴리기,/entry.naver?docId=3535724&categoryId=58501&cid=58501,어르신,유연성,폼롤러,어깨,Y
옆으로 누워 폼롤러 굴려주기,/entry.naver?docId=3535725&categoryId=58501&cid=58501,어르신,유연성,폼롤러,어깨/둔부,Y
가슴 스트레칭,/entry.naver?docId=3535726&categoryId=58501&cid=58501,어르신,유연성,폼롤러,몸통,Y
옆으로 누워 가슴 열기,/entry.naver?docId=3535727&categoryId=58501&cid=58501,어르신,유연성,폼롤러,몸통/복부,Y
팔 교대로 올리기,/entry.naver?docId=3535728&categoryId=58501&cid=58501,어르신,유연성,폼롤러,어깨,Y
어깨 스트레칭,/entry.naver?docId=3535729&categoryId=58501&cid=58501,어르신,유연성,폼롤러,어깨,Y
어깨 올리기,/entry.naver?docId=3535730&categoryId=58501&cid=58501,어르신,유연성,폼롤러,어깨,Y
척추 스트레칭,/entry.naver?docId=3535731&categoryId=58501&cid=58501,어르신,유연성,폼롤러,등/허리,Y
골반 스트레칭1,/entry.naver?docId=3535733&categoryId=58501&cid=58501,어르신,유연성,짐볼,몸통,Y
골반 스트레칭2,/entry.naver?docId=3535732&categoryId=58501&cid=58501,어르신,유연성,짐볼,허벅지,Y
엉덩이 스트레칭,/entry.naver?docId=3535734&categoryId=58501&cid=58501,어르신,유연성,짐볼,둔부/몸통,Y
등 스트레칭,/entry.naver?docId=3535735&categoryId=58501&cid=58501,어르신,유연성,짐볼,등,Y
복부 스트레칭,/entry.naver?docId=3535736&categoryId=58501&cid=58501,어르신,유연성,짐볼,복부,Y
무릎 아래에서 양옆으로 굴리기,/entry.naver?docId=3535737&categoryId=58501&cid=58501,어르신,유연성,짐볼,몸통,Y
짐볼 양팔로 밀기,/entry.naver?docId=3535738&categoryId=58501&cid=58501,어르신,유연성,짐볼,몸통/등,Y
짐볼 옆에 두고 어깨 누르기,/entry.naver?docId=3535739&categoryId=58501&cid=58501,어르신,유연성,짐볼,어깨뒤쪽,Y
짐볼 양옆으로 굴리기,/entry.naver?docId=3535740&categoryId=58501&cid=58501,어르신,유연성,짐볼,몸통,Y
짐볼 앞으로 밀기,/entry.naver?docId=3535741&categoryId=58501&cid=58501,어르신,유연성,짐볼,허리/허벅지뒤쪽/허벅지내측,Y
비복근 스트레칭,/entry.naver?docId=3535742&categoryId=58501&cid=58501,어르신,유연성,의자,종아리,Y
발가락 폄근 스트레칭,/entry.naver?docId=3535743&categoryId=58501&cid=58501,어르신,유연성,의자,종아리,Y
대퇴사두근 스트레칭,/entry.naver?docId=3535744&categoryId=58501&cid=58501,어르신,유연성,의자,허벅지앞쪽,Y
엉덩이 스트레칭,/entry.naver?docId=3535745&categoryId=58501&cid=58501,어르신,유연성,의자,둔부,Y
내전근 스트레칭,/entry.naver?docId=3535746&categoryId=58501&cid=58501,어르신,유연성,의자,허벅지내측,Y
몸 앞으로 굽히기,/entry.naver?docId=3535747&categoryId=58501&cid=58501,어르신,유연성,의자,허리/둔부,Y
옆구리 스트레칭,/entry.naver?docId=3535748&categoryId=58501&cid=58501,어르신,유연성,의자,몸통,Y
등/어깨 뒤쪽 스트레칭,/entry.naver?docId=3535749&categoryId=58501&cid=58501,어르신,유연성,의자,어깨/위팔뒤쪽,Y
팔꿈치 맞닿아 원그리기,/entry.naver?docId=3535750&categoryId=58501&cid=58501,어르신,유연성,의자,어깨/등/가슴,Y
가슴 스트레칭,/entry.naver?docId=3535751&categoryId=58501&cid=58501,어르신,유연성,의자,몸통,Y
목 스트레칭,/entry.naver?docId=3535752&categoryId=58501&cid=58501,어르신,유연성,의자,목,Y
몸통 비틀기,/entry.naver?docId=3535753&categoryId=58501&cid=58501,어르신,유연성,의자,허리/복부,Y
종아리 스트레칭,/entry.naver?docId=3535754&categoryId=58501&cid=58501,어르신,유연성,맨몸,종아리,N
대퇴사두근 스트레칭,/entry.naver?docId=3535756&categoryId=58501&cid=58501,어르신,유연성,맨몸,허벅지앞쪽,N
엉덩이 스트레칭1,/entry.naver?docId=3535757&categoryId=58501&cid=58501,어르신,유연성,맨몸,둔부,N
엉덩이 스트레칭2,/entry.naver?docId=3535755&categoryId=58501&cid=58501,어르신,유연성,맨몸,둔부/몸통,N
대퇴이두근 스트레칭1,/entry.naver?docId=3535759&categoryId=58501&cid=58501,어르신,유연성,맨몸,허리/허벅지뒤쪽,N
대퇴이두근 스트레칭2,/entry.naver?docId=3535758&categoryId=58501&cid=58501,어르신,유연성,맨몸,허리/허벅지뒤쪽,N
고관절 스트레칭,/entry.naver?docId=3535760&categoryId=58501&cid=58501,어르신,유연성,맨몸,몸통,N
마주 앉아 대퇴이두근 스트레칭1,/entry.naver?docId=3535762&categoryId=58501&cid=58501,어르신,유연성,맨몸,허리/허벅지뒤쪽,N
마주 앉아 대퇴이두근 스트레칭2,/entry.naver?docId=3535761&categoryId=58501&cid=58501,어르신,유연성,맨몸,허리/허벅지뒤쪽,N
등 대고 대퇴이두근 스트레칭,/entry.naver?docId=3535763&categoryId=58501&cid=58501,어르신,유연성,맨몸,허리/허벅지뒤쪽,N
몸통 비틀기,/entry.naver?docId=3535764&categoryId=58501&cid=58501,어르신,유연성,맨몸,허리,N
어깨 스트레칭,/entry.naver?docId=3535765&categoryId=58501&cid=58501,어르신,유연성,맨몸,어깨,N
회전근개 스트레칭1,/entry.naver?docId=3535767&categoryId=58501&cid=58501,어르신,유연성,맨몸,어깨,N
회전근개 스트레칭2,/entry.naver?docId=3535766&categoryId=58501&cid=58501,어르신,유연성,맨몸,어깨,N
가슴/어깨 스트레칭,/entry.naver?docId=3535768&categoryId=58501&cid=58501,어르신,유연성,맨몸,어깨/가슴/복부,N
몸통 비틀기,/entry.naver?docId=3535769&categoryId=58501&cid=58501,어르신,유연성,맨몸,허리/복부,N
전신 틀어 손벽 마주치기,/entry.naver?docId=3535770&categoryId=58501&cid=58501,어르신,유연성,맨몸,허리/복부,N
몸통 앞으로 굽혀 걷기,/entry.naver?docId=3535771&categoryId=58501&cid=58501,어르신,유연성,맨몸,허벅지뒤쪽/허리,N
골반 스트레칭1,/entry.naver?docId=3535773&categoryId=58501&cid=58501,어르신,유연성,맨몸,몸통,N
골반 스트레칭2,/entry.naver?docId=3535772&categoryId=58501&cid=58501,어르신,유연성,맨몸,몸통,N
어깨 양 옆으로 돌리기,/entry.naver?docId=3535774&categoryId=58501&cid=58501,어르신,유연성,맨몸,어깨,N
어깨 스트레칭,/entry.naver?docId=3535775&categoryId=58501&cid=58501,어르신,유연성,맨몸,어깨,N
회전근개 스트레칭,/entry.naver?docId=3535776&categoryId=58501&cid=58501,어르신,유연성,맨몸,어깨,N
목 돌림 스트레칭,/entry.naver?docId=3535777&categoryId=58501&cid=58501,어르신,유연성,맨몸,목,N
양팔 벌려 전신 비틀기,/entry.naver?docId=3535778&categoryId=58501&cid=58501,어르신,유연성,맨몸,전신,N
옆구리 스트레칭,/entry.naver?docId=3535779&categoryId=58501&cid=58501,어르신,유연성,맨몸,몸통,N
배 스트레칭,/entry.naver?docId=3535780&categoryId=58501&cid=58501,어르신,유연성,맨몸,복부,N
허리 스트레칭,/entry.naver?docId=3535781&categoryId=58501&cid=58501,어르신,유연성,맨몸,허리,N
넙다리 안쪽 스트레칭,/entry.naver?docId=3535782&categoryId=58501&cid=58501,어르신,유연성,맨몸,허벅지내측,N
넙다리 앞쪽 스트레칭,/entry.naver?docId=3535783&categoryId=58501&cid=58501,어르신,유연성,맨몸,허벅지앞쪽,N
엉덩이 스트레칭1,/entry.naver?docId=3535785&categoryId=58501&cid=58501,어르신,유연성,맨몸,둔부,N
엉덩이 스트레칭2,/entry.naver?docId=3535784&categoryId=58501&cid=58501,어르신,유연성,맨몸,둔부,N
아래 팔 스트레칭,/entry.naver?docId=3535786&categoryId=58501&cid=58501,어르신,유연성,맨몸,아래팔앞쪽/아래팔뒤쪽,N
어깨 뒤쪽 스트레칭,/entry.naver?docId=3535787&categoryId=58501&cid=58501,어르신,유연성,맨몸,어깨뒤쪽,N
등/어깨 뒤쪽 스트레칭,/entry.naver?docId=3535788&categoryId=58501&cid=58501,어르신,유연성,맨몸,어깨,N
목 스트레칭,/entry.naver?docId=3535789&categoryId=58501&cid=58501,어르신,유연성,맨몸,목,N
깍지 끼고 상체 숙이기,/entry.naver?docId=3535790&categoryId=58501&cid=58501,어르신,유연성,맨몸,전신/가슴/어깨뒤쪽/등,N
누워서 전신 뻗기,/entry.naver?docId=3535791&categoryId=58501&cid=58501,어르신,유연성,맨몸,전신,N
균형 걷기,/entry.naver?docId=3535793&categoryId=58501&cid=58501,어르신,평형성,맨몸,전신,N
한발 들기,/entry.naver?docId=3535794&categoryId=58501&cid=58501,어르신,평형성,맨몸,전신,N
좌우 찍기,/entry.naver?docId=3535795&categoryId=58501&cid=58501,어르신,평형성,맨몸,전신,N
양발 나란히 서기,/entry.naver?docId=3535796&categoryId=58501&cid=58501,어르신,평형성,맨몸,전신,N
짐볼 앉기,/entry.naver?docId=3535915&categoryId=58501&cid=58501,어르신,평형성,짐볼,전신,Y
탄력밴드 걸고 서기,/entry.naver?docId=3535916&categoryId=58501&cid=58501,어르신,평형성,탄력밴드,전신,Y
베개 밟고 서기,/entry.naver?docId=3535917&categoryId=58501&cid=58501,어르신,평형성,베개,전신,Y
의자 잡고 서기,/entry.naver?docId=3535918&categoryId=58501&cid=58501,어르신,평형성,의자,전신,Y
의자 앉아 공 밀기,/entry.naver?docId=3535798&categoryId=58501&cid=58501,어르신,협응력,의자/공,전신,Y
풍선차기,/entry.naver?docId=3535799&categoryId=58501&cid=58501,어르신,협응력,풍선,전신,Y
의자 이용하기,/entry.naver?docId=3535800&categoryId=58501&cid=58501,어르신,협응력,의자,전신,Y
사다리 걷기,/entry.naver?docId=3535914&categoryId=58501&cid=58501,어르신,협응력,사다리,전신,Y
발로 공주고 받기,/entry.naver?docId=3535801&categoryId=58501&cid=58501,어르신,협응력,공,전신,Y
줄 따라 걷기,/entry.naver?docId=3535802&categoryId=58501&cid=58501,어르신,협응력,줄,전신,Y
하프콘 투호,/entry.naver?docId=3535803&categoryId=58501&cid=58501,어르신,협응력,하프콘,전신,Y
스카프 라인,/entry.naver?docId=3535804&categoryId=58501&cid=58501,어르신,협응력,스카프,전신,Y
스카프 저글링,/entry.naver?docId=3535805&categoryId=58501&cid=58501,어르신,협응력,스카프,전신,Y
성화봉송,/entry.naver?docId=3535806&categoryId=58501&cid=58501,어르신,협응력,라바콘/공,전신,Y
풍선 튕기기,/entry.naver?docId=3535807&categoryId=58501&cid=58501,어르신,협응력,풍선,전신,Y
머리 위로 공 넘기기,/entry.naver?docId=3535808&categoryId=58501&cid=58501,어르신,협응력,공,전신,Y
발바닥 치기,/entry.naver?docId=3535809&categoryId=58501&cid=58501,어르신,협응력,맨몸,전신,N
앞뒤로 선넘기,/entry.naver?docId=3535810&categoryId=58501&cid=58501,어르신,협응력,맨몸,전신,N
좌우로 선넘기,/entry.naver?docId=3535811&categoryId=58501&cid=58501,어르신,협응력,맨몸,전신,N
